application,deployment_model,brier_before,brier_after,ece_before,ece_after,n_test
co2_capture,random_forest,0.1537986377164405,0.15497383723221567,0.04301908431077964,0.05673112304306565,1180
ch4_storage,xgboost,0.14222022509555163,0.14706238724936943,0.05186902728500003,0.07449144714664054,1180
