model,tuning_and_fit_time_sec_mean,tuning_and_fit_time_sec_std,inference_us_per_sample_mean,peak_process_rss_delta_mb_mean,serialized_model_size_kb_mean,n_runs,gpu_used
logistic_regression,6.373808474666665,0.8797589937319735,4.6100851694861475,14.681640625,14.9013671875,6,no
random_forest,6.801025888666648,0.8189983042565092,50.77686610170301,11.706380208333334,20544.673502604168,6,no
xgboost,3.6739033593333565,0.8384169826290807,43.61823361581998,0.00390625,306.322265625,6,no
